sub_id,articulacion,candidato,r_crudo,r_cal,rmse_cal
1,cadera,Koopman,0.975229956637444,0.975229956637444,7.6089701499452
2,cadera,Koopman,0.971487673156271,0.971487673156271,9.78467831070943
3,cadera,Koopman,0.984304276402426,0.984304276402426,3.53781037963965
4,cadera,Koopman,0.92632332933852,0.92632332933852,7.40829729904354
5,cadera,Koopman,0.99177483832289,0.99177483832289,14.4691915573567
6,cadera,Koopman,0.991089307732873,0.991089307732873,4.43848077286448
7,cadera,Koopman,0.97328336368051,0.97328336368051,9.70767160547871
8,cadera,Koopman,0.966289223482441,0.966289223482441,5.03945503426352
9,cadera,Koopman,0.967703683747877,0.967703683747877,5.6527185825336
10,cadera,Koopman,0.969739403175234,0.969739403175234,6.24791868729969
11,cadera,Koopman,0.907568076435783,0.907568076435783,6.66063810259235
12,cadera,Koopman,0.996763072370385,0.996763072370385,7.33620228971461
13,cadera,Koopman,0.973077909698191,0.973077909698191,9.94526651090889
14,cadera,Koopman,0.989590276190422,0.989590276190422,6.42294653937532
15,cadera,Koopman,0.974599933165739,0.974599933165739,4.24148040076258
16,cadera,Koopman,0.962675528865497,0.962675528865497,6.63371461502052
17,cadera,Koopman,0.984404190928793,0.984404190928793,8.65046293465272
18,cadera,Koopman,0.968576694529155,0.968576694529155,5.44211132374387
19,cadera,Koopman,0.994174329388684,0.994174329388684,1.57215001180031
20,cadera,Koopman,0.972863082173021,0.972863082173021,4.47809317248512
21,cadera,Koopman,0.948167345737565,0.948167345737565,7.16011460291472
22,cadera,Koopman,0.975313155927183,0.975313155927183,4.92895523633228
23,cadera,Koopman,0.96965103162475,0.96965103162475,8.96739650901753
24,cadera,Koopman,0.992651747807847,0.992651747807847,7.5192890301979
25,cadera,Koopman,0.996534467022752,0.996534467022752,1.19124773031805
26,cadera,Koopman,0.984863308443862,0.984863308443862,13.9588065982582
27,cadera,Koopman,0.987865771476251,0.987865771476251,15.1666148485268
28,cadera,Koopman,0.996075780926197,0.996075780926197,6.49990361166636
29,cadera,Koopman,0.966231440324969,0.96623144032497,5.56741275181477
30,cadera,Koopman,0.942589416527247,0.942589416527247,6.15439099830552
31,cadera,Koopman,0.995308623747156,0.995308623747156,2.2264079893586
32,cadera,Koopman,0.995374487394636,0.995374487394636,4.55287303868826
33,cadera,Koopman,0.958868079295193,0.958868079295193,15.2206369323634
34,cadera,Koopman,0.969811890858195,0.969811890858195,9.47526985121844
35,cadera,Koopman,0.994440376184138,0.994440376184138,11.6514761091619
36,cadera,Koopman,0.990389632751151,0.990389632751151,10.1005583353441
37,cadera,Koopman,0.995634402980591,0.995634402980591,2.6428560697036
38,cadera,Koopman,0.967171906262447,0.967171906262447,4.71725360180185
39,cadera,Koopman,0.996904182506977,0.996904182506976,4.84238994309309
40,cadera,Koopman,0.977372778640931,0.977372778640931,4.45335039896828
41,cadera,Koopman,0.99367391086719,0.99367391086719,4.41558265129865
42,cadera,Koopman,0.991325194300204,0.991325194300204,6.98358237296607
1,cadera,Zhao,0.951965444399013,0.951965444399013,8.14214044147258
2,cadera,Zhao,0.960144832016428,0.960144832016428,10.1213633393181
3,cadera,Zhao,0.938432251801754,0.938432251801754,5.33933573843002
4,cadera,Zhao,0.980751344158806,0.980751344158806,6.05682501715551
5,cadera,Zhao,0.915428894420653,0.915428894420653,15.5794712310978
6,cadera,Zhao,0.891698106324389,0.89169810632439,7.57073909914098
7,cadera,Zhao,0.958966452770389,0.958966452770389,9.8255746387331
8,cadera,Zhao,0.947759073687823,0.947759073687822,5.65718351937366
9,cadera,Zhao,0.970168087579505,0.970168087579505,5.54250321927687
10,cadera,Zhao,0.953110655171189,0.953110655171189,7.18292009326905
11,cadera,Zhao,0.981465264200766,0.981465264200766,4.25928978179178
12,cadera,Zhao,0.917881520103093,0.917881520103093,9.06105608908815
13,cadera,Zhao,0.961500131930512,0.961500131930511,10.3634476943183
14,cadera,Zhao,0.948006765866647,0.948006765866647,7.88248859686676
15,cadera,Zhao,0.904641912824352,0.904641912824352,7.28333906684296
16,cadera,Zhao,0.965336845360987,0.965336845360987,6.77799800949582
17,cadera,Zhao,0.904870371302956,0.904870371302956,10.7839106319889
18,cadera,Zhao,0.9645660752528,0.9645660752528,5.57398995441209
19,cadera,Zhao,0.905393159512306,0.905393159512306,6.16176008637058
20,cadera,Zhao,0.952940195048162,0.952940195048162,5.2183152845392
21,cadera,Zhao,0.958861611989533,0.958861611989533,6.51656142547295
22,cadera,Zhao,0.952420018416329,0.952420018416329,5.93273569250205
23,cadera,Zhao,0.949848006984004,0.949848006984004,9.3230421790904
24,cadera,Zhao,0.936308381387451,0.936308381387451,8.92503180787859
25,cadera,Zhao,0.893894276874779,0.893894276874779,6.49309709356416
26,cadera,Zhao,0.943104103009298,0.943104103009297,15.4259214977781
27,cadera,Zhao,0.912470526188117,0.912470526188117,15.9712420902716
28,cadera,Zhao,0.87888783727222,0.87888783727222,9.76122106374991
29,cadera,Zhao,0.917397998492858,0.917397998492858,6.97132273339098
30,cadera,Zhao,0.983439120754193,0.983439120754193,4.6691819640953
31,cadera,Zhao,0.92561933377067,0.92561933377067,5.50173586551614
32,cadera,Zhao,0.894230542454928,0.894230542454928,9.69684392271451
33,cadera,Zhao,0.96488471125773,0.964884711257731,15.1716764272524
34,cadera,Zhao,0.93237970138755,0.93237970138755,10.3569185814964
35,cadera,Zhao,0.916003879103773,0.916003879103773,13.2482558716124
36,cadera,Zhao,0.901958080839487,0.901958080839487,12.2986963419782
37,cadera,Zhao,0.845403828171614,0.845403828171613,8.40093889294499
38,cadera,Zhao,0.940107677682795,0.940107677682795,5.7449448167356
39,cadera,Zhao,0.898278325907044,0.898278325907044,7.81821881167077
40,cadera,Zhao,0.958438733344951,0.958438733344951,6.82305148519238
41,cadera,Zhao,0.890742857309778,0.890742857309778,8.56518487050058
42,cadera,Zhao,0.945488712217118,0.945488712217118,8.25331762053811
1,rodilla,Koopman,0.97253078975279,0.97253078975279,5.8468202890517
2,rodilla,Koopman,0.98253284170844,0.98253284170844,10.9305345378139
3,rodilla,Koopman,0.946845144751127,0.946845144751127,6.39695723358605
4,rodilla,Koopman,0.919239944638764,0.919239944638764,10.0221454627925
5,rodilla,Koopman,0.971187417320863,0.971187417320862,4.78101345670605
6,rodilla,Koopman,0.932029747094348,0.932029747094348,7.53787338625619
7,rodilla,Koopman,0.971840423636424,0.971840423636424,8.48097265757303
8,rodilla,Koopman,0.949076815235928,0.949076815235928,6.79782422802408
9,rodilla,Koopman,0.962407887680528,0.962407887680528,5.86390841573642
10,rodilla,Koopman,0.932473353294638,0.932473353294639,7.27967252377787
11,rodilla,Koopman,0.790637604902323,0.790637604902323,12.0376584237817
12,rodilla,Koopman,0.978376974572552,0.978376974572552,4.14607299422757
13,rodilla,Koopman,0.932968888757326,0.932968888757326,7.28044257065202
14,rodilla,Koopman,0.985249580808808,0.985249580808808,4.49743355797882
15,rodilla,Koopman,0.936998474051588,0.936998474051588,7.33869803266869
16,rodilla,Koopman,0.971464861887765,0.971464861887765,7.63126476083869
17,rodilla,Koopman,0.988755106545717,0.988755106545717,5.07608561981767
18,rodilla,Koopman,0.973173030187031,0.973173030187031,5.9312738548929
19,rodilla,Koopman,0.989897551234992,0.989897551234992,7.00752087078205
20,rodilla,Koopman,0.964161200386016,0.964161200386016,5.47216653672663
21,rodilla,Koopman,0.898366339280436,0.898366339280436,9.08149409797219
22,rodilla,Koopman,0.937952038502405,0.937952038502405,6.84348050653034
23,rodilla,Koopman,0.962197388187711,0.962197388187711,6.49188739121777
24,rodilla,Koopman,0.905892982150657,0.905892982150657,8.54807488841706
25,rodilla,Koopman,0.982821260013032,0.982821260013031,3.7414864845386
26,rodilla,Koopman,0.984279840900278,0.984279840900278,4.26528561160621
27,rodilla,Koopman,0.96463000302274,0.96463000302274,10.6903951788809
28,rodilla,Koopman,0.992212956204339,0.992212956204339,2.51326004753901
29,rodilla,Koopman,0.911190482872272,0.911190482872272,8.25185555956779
30,rodilla,Koopman,0.953829852152718,0.953829852152718,7.36165539924041
31,rodilla,Koopman,0.955393565357092,0.955393565357092,5.91440082261785
32,rodilla,Koopman,0.993486851859074,0.993486851859074,2.36621655422037
33,rodilla,Koopman,0.926107860546638,0.926107860546638,8.06739872681305
34,rodilla,Koopman,0.977671877176584,0.977671877176584,7.24711491452137
35,rodilla,Koopman,0.992312677398887,0.992312677398887,13.2231171527845
36,rodilla,Koopman,0.96801205979721,0.96801205979721,5.27206954541522
37,rodilla,Koopman,0.981184722610208,0.981184722610208,6.06038299767084
38,rodilla,Koopman,0.966194433160327,0.966194433160327,6.0958881520121
39,rodilla,Koopman,0.952417140953745,0.952417140953745,8.52013522331281
40,rodilla,Koopman,0.98351509002377,0.983515090023769,4.64578763959905
41,rodilla,Koopman,0.989608663493379,0.989608663493379,7.1817483350748
42,rodilla,Koopman,0.969198398367662,0.969198398367661,5.98901908679939
1,rodilla,Zhao,-0.340665326175254,0.340665326175254,20.8671373455861
2,rodilla,Zhao,-0.426092685761263,0.426092685761263,23.377563564916
3,rodilla,Zhao,-0.295072924635774,0.295072924635774,18.4660616658647
4,rodilla,Zhao,-0.398701786296834,0.398701786296834,19.7600698324842
5,rodilla,Zhao,-0.331872455187549,0.331872455187549,18.5729698938189
6,rodilla,Zhao,-0.171199651745669,0.171199651745669,18.1435372359697
7,rodilla,Zhao,-0.414520833846427,0.414520833846427,20.458018245259
8,rodilla,Zhao,-0.400910680152253,0.400910680152253,19.2150851732713
9,rodilla,Zhao,-0.363945279749168,0.363945279749168,19.561924957654
10,rodilla,Zhao,-0.391988087234982,0.391988087234982,18.4730705194692
11,rodilla,Zhao,-0.361786626829543,0.361786626829543,16.0313037546028
12,rodilla,Zhao,-0.337668445983383,0.337668445983383,17.8941328291488
13,rodilla,Zhao,-0.278754361966467,0.278754361966467,19.3528245421206
14,rodilla,Zhao,-0.381718492524562,0.381718492524562,20.6087397989634
15,rodilla,Zhao,-0.201401394215216,0.201401394215216,19.3567096053311
16,rodilla,Zhao,-0.382186273522111,0.382186273522111,20.229816961728
17,rodilla,Zhao,-0.277983763131552,0.277983763131552,21.4938733381734
18,rodilla,Zhao,-0.393282965414331,0.393282965414331,19.9237769246835
19,rodilla,Zhao,-0.291391127645177,0.291391127645177,19.4677976677868
20,rodilla,Zhao,-0.321719659423105,0.321719659423105,19.4956846486311
21,rodilla,Zhao,-0.303226003144285,0.303226003144285,18.735436658386
22,rodilla,Zhao,-0.310578237677917,0.310578237677917,18.118625359099
23,rodilla,Zhao,-0.407571902040046,0.407571902040046,20.4180584684839
24,rodilla,Zhao,-0.185984441106208,0.185984441106208,18.919224761567
25,rodilla,Zhao,-0.279755689332957,0.279755689332957,17.9325158313138
26,rodilla,Zhao,-0.361153271574347,0.361153271574347,19.8369215725152
27,rodilla,Zhao,-0.260204663430101,0.260204663430101,20.2082056831634
28,rodilla,Zhao,-0.315431398088719,0.315431398088719,18.7888568870406
29,rodilla,Zhao,-0.147979945091741,0.147979945091741,19.2470830930674
30,rodilla,Zhao,-0.480378730818289,0.480378730818289,20.8811027229827
31,rodilla,Zhao,-0.34586642049253,0.34586642049253,17.3526307425662
32,rodilla,Zhao,-0.229671820788908,0.229671820788908,19.5714991966069
33,rodilla,Zhao,-0.307398758655757,0.307398758655757,20.3310043823732
34,rodilla,Zhao,-0.447915481104214,0.447915481104214,21.1419366112342
35,rodilla,Zhao,-0.277058940940799,0.277058940940799,23.8599487170903
36,rodilla,Zhao,-0.186272881323947,0.186272881323947,20.5372718236964
37,rodilla,Zhao,-0.15862431114037,0.15862431114037,19.2676402834306
38,rodilla,Zhao,-0.352546214928099,0.352546214928099,19.7205437898561
39,rodilla,Zhao,-0.145253618282052,0.145253618282052,19.0420234408731
40,rodilla,Zhao,-0.340684129279723,0.340684129279723,20.7824068785866
41,rodilla,Zhao,-0.265005855786087,0.265005855786087,21.3005629031689
42,rodilla,Zhao,-0.298112506018046,0.298112506018046,19.705060929983
1,tobillo,Koopman,0.733048195094272,0.733048195094272,5.31240147254881
2,tobillo,Koopman,0.800650326990553,0.800650326990553,10.3288512999324
3,tobillo,Koopman,0.810452195064927,0.810452195064927,3.72042066158592
4,tobillo,Koopman,0.668883076378077,0.668883076378077,8.03390859516388
5,tobillo,Koopman,0.832042205746814,0.832042205746815,3.79438428667788
6,tobillo,Koopman,0.749050475239342,0.749050475239342,4.46276422492456
7,tobillo,Koopman,0.797228571521904,0.797228571521905,6.42440412837398
8,tobillo,Koopman,0.76741530691015,0.767415306910149,4.70087350002139
9,tobillo,Koopman,0.756676472498287,0.756676472498287,4.9054982244021
10,tobillo,Koopman,0.726253958568347,0.726253958568347,5.23213213307831
11,tobillo,Koopman,0.381903789228519,0.381903789228519,7.93843808807888
12,tobillo,Koopman,0.748982613409409,0.748982613409409,5.33603463368994
13,tobillo,Koopman,0.529399380257898,0.529399380257898,5.79198529037964
14,tobillo,Koopman,0.950199401002496,0.950199401002496,9.01915953037361
15,tobillo,Koopman,0.681203573888143,0.681203573888143,5.7328130335523
16,tobillo,Koopman,0.463847985938883,0.463847985938883,5.80423103251258
17,tobillo,Koopman,0.811605842195962,0.811605842195962,5.52592191492063
18,tobillo,Koopman,0.777635403995714,0.777635403995714,4.72390044678658
19,tobillo,Koopman,0.924994053820212,0.924994053820212,5.2368872992432
20,tobillo,Koopman,0.836812888081873,0.836812888081873,4.4633990113783
21,tobillo,Koopman,0.436339662097896,0.436339662097896,7.63192426136296
22,tobillo,Koopman,0.712469350752198,0.712469350752198,5.30768889798803
23,tobillo,Koopman,0.674144008375518,0.674144008375518,5.30750718495512
24,tobillo,Koopman,0.760497295441344,0.760497295441344,4.60471464046599
25,tobillo,Koopman,0.838721250455357,0.838721250455357,3.82310985057746
26,tobillo,Koopman,0.817834595979735,0.817834595979735,3.91974203129743
27,tobillo,Koopman,0.832391961330817,0.832391961330817,5.13256873381716
28,tobillo,Koopman,0.826373074014021,0.826373074014021,3.41793877537724
29,tobillo,Koopman,0.630997150384723,0.630997150384723,6.93727225435849
30,tobillo,Koopman,0.824552319620817,0.824552319620817,5.16654758674639
31,tobillo,Koopman,0.813483053776505,0.813483053776505,5.05959126994337
32,tobillo,Koopman,0.883978331373581,0.883978331373581,4.35826133253397
33,tobillo,Koopman,0.46357256552272,0.46357256552272,6.60334784029429
34,tobillo,Koopman,0.8650072715022,0.8650072715022,5.12343836807793
35,tobillo,Koopman,0.913986505787282,0.913986505787282,6.2543872841783
36,tobillo,Koopman,0.722751311615602,0.722751311615602,4.34837930637651
37,tobillo,Koopman,0.874445975818659,0.874445975818659,5.30361834783066
38,tobillo,Koopman,0.778070499429362,0.778070499429362,5.24655609566509
39,tobillo,Koopman,0.787737622326266,0.787737622326266,4.62435674622898
40,tobillo,Koopman,0.836149918287312,0.836149918287312,6.17136852190734
41,tobillo,Koopman,0.917423698012791,0.917423698012791,4.39609088275908
42,tobillo,Koopman,0.632587419150974,0.632587419150974,4.93901705373927
