sub_id,sexo,talla_cm,masa_kg,r_crudo,rmse_crudo,rmsenorm_crudo,ganancia_b,offset_a,r_cal,rmse_cal,rmsenorm_cal
1,M,175,75.5278615475429,0.996161725759133,10.9696433351592,2.62521858108335,0.743115366785837,-11.7485687732535,0.996161725759133,2.55217734438292,0.443241408506942
2,F,165,75.2164101901484,0.992709442198476,14.1599667381182,3.17134423304847,0.740246045599892,-11.6844643668528,0.992709442198476,7.23073313809185,1.18954962101415
3,M,180,90.1785960656099,0.991883700677446,9.54120016422806,2.16629418965907,0.745463231677069,-11.813633124887,0.991883700677446,4.39991525111951,1.00543619574805
4,M,183.5,68.7529807388109,0.992487637017898,11.0432116143542,2.63166577098547,0.745969894892634,-11.7740665143216,0.992487637017897,3.21463623304775,0.627694861951873
5,M,182.6,95.0301805072904,0.978190166765641,10.3903146856521,2.21583519972509,0.745675452291875,-11.8038830885021,0.978190166765641,5.04010815999726,1.15467266978122
6,M,167.5,70.5547276937562,0.967951428385394,12.9923242477545,2.88488234166523,0.747267311397578,-11.7415750150709,0.967951428385394,4.90508324093453,0.948744909713152
8,F,171.6,75.6063604141372,0.961282641912895,14.3327787159678,3.17279132685138,0.749494037656386,-11.7399057400189,0.961282641912894,6.68510575083244,1.17400259957256
11,F,170.1,68.8386437396119,0.98873308376355,10.2332482603725,2.28645309211873,0.743429571497945,-11.7729018706463,0.98873308376355,3.45273420505401,0.924252157880635
12,M,185.6,89.7650312805226,0.978346777639926,13.3937661889323,2.72307407986185,0.750472769522078,-11.8196630402222,0.978346777639926,9.04887779034752,1.58896274100972
13,F,178,73.1549189537972,0.98643244677502,11.1023098043005,2.58090299439207,0.743475874469471,-11.7556476648118,0.98643244677502,3.54759480539951,0.747582786354121
14,M,176.5,94.315477454296,0.998745057789637,11.1442793642877,2.43300719303839,0.738004157128318,-11.7662108873183,0.998745057789637,7.8196068718697,1.2738143009909
15,F,166.7,62.8642010559092,0.997770152966762,12.4825119224491,2.68993209495134,0.738254986015172,-11.7339670603914,0.997770152966762,8.06357254637565,1.30608169822451
16,F,174,70.4743249550463,0.99978330656173,10.2648384092613,2.32224214866578,0.738727202442314,-11.7765385643365,0.99978330656173,6.85649504946673,1.18141277235759
17,M,185,81.1875898901702,0.995611234815628,13.6944810877889,3.20884799867694,0.741052209628875,-11.6921204205187,0.995611234815628,5.91597223364791,0.917638523610229
18,F,173.7,73.2929661628616,0.989338376476555,14.2960288561662,3.4970173020964,0.743629538855321,-11.6745559456609,0.989338376476555,4.67168794547837,0.979373478271256
19,F,169,63.2347601966772,0.96434066058279,13.184370399467,2.91749441001877,0.747773210447603,-11.7455258626137,0.96434066058279,5.39904199683036,0.965043520345011
20,M,177,73.2688400668888,0.998192603599629,16.6092907472419,3.93432292701675,0.7413840124276,-11.6224776194555,0.998192603599629,7.89567918865663,1.45233602094974
21,M,172.5,58.029067769687,0.996982875636608,14.2252089349535,3.31104619895396,0.740755261076255,-11.6780467825917,0.996982875636608,6.55150567816356,0.988392156859212
22,M,184.5,85.818703009347,0.991135473470028,14.9439790842318,3.52881214041093,0.749179427808494,-11.7021967761322,0.991135473470028,5.22136033697921,0.928176239839407
23,F,172.5,76.0650917394403,0.993382091793333,8.82750168632539,1.98856836157312,0.741448408823289,-11.8009666022958,0.993382091793333,4.79200296546048,1.13380016992129
25,M,178,80.1891395373311,0.978812201872817,15.6740119225686,3.64373327980812,0.749110461730284,-11.680873341086,0.978812201872817,5.71993219757768,1.04952688431381
26,M,175,81.4829453348938,0.987000086955011,11.3653185867904,2.57361313243956,0.746298510205998,-11.769693452569,0.987000086955011,3.71641624550344,0.808340635469981
27,F,166.2,62.2313710239986,0.99143980019519,8.45579875493917,1.98299744834771,0.744680353609733,-11.8296501107876,0.991439800195189,4.79338996010544,1.11151605652008
28,M,172.5,103.593135418738,0.999170271072201,11.1077011734692,2.68640961923774,0.741493521686106,-11.7424102642291,0.999170271072201,3.9600714775643,0.659181572824898
29,M,170,89.5211415177387,0.99761918665461,11.3684414745047,2.55864770700321,0.748054083787802,-11.7984107382837,0.99761918665461,5.51963674683321,0.946683324600636
30,M,174.5,68.8626160079028,0.986304005141359,12.1912229438208,2.77037873162744,0.74727664700479,-11.7590511256583,0.986304005141358,4.21296395586702,0.759389070259065
31,M,183,80.5796896442,0.998081854027593,14.0437873596197,3.38906452571716,0.742901070045172,-11.6771490508103,0.998081854027593,4.40163302652796,0.778221993202941
32,M,169,68.1462802193499,0.993034031084928,12.5446202341583,3.12028344823425,0.741145168453724,-11.71606478699,0.993034031084928,5.4428174490633,0.912357086766797
33,F,161,76.3501879074856,0.996648656255739,17.3780220353762,4.16504988200318,0.74338520340547,-11.5971942398731,0.996648656255739,7.53924782623702,1.49648103560534
34,M,171.5,75.2406914314951,0.997129125844478,10.9977738712484,2.65678325411731,0.744385252962574,-11.7514149422953,0.997129125844478,1.50290207871398,0.33617056020079
35,M,175.5,84.4622316298904,0.993389424027131,11.9511243146859,2.90036382225982,0.745473564463108,-11.7385914266482,0.993389424027131,2.14381010575191,0.425502248898947
36,M,169.6,54.1404927112299,0.994505585259833,8.81667661617697,1.87809598649465,0.746121291427518,-11.8485877053774,0.994505585259833,6.05173409090646,1.40226050891703
37,M,186.6,90.3777449015748,0.980985663468023,14.7156495998531,3.34548444465167,0.7489961781558,-11.7114657596377,0.980985663468023,5.41473177537596,0.95938706509446
38,M,180.7,76.8189768216808,0.996705617163576,19.5615647752732,4.67928997016494,0.740966264694504,-11.5612529134183,0.996705617163576,10.8793247835416,2.1373444721294
39,F,170,63.0230422925332,0.988530899684895,10.7782185334237,2.44465394900996,0.74501137237371,-11.7686138314224,0.988530899684895,3.0459281319992,0.81054045498984
40,M,183.6,136.136570143127,0.99014261720219,10.7090078085365,2.39225989785019,0.747094620424081,-11.8107362560869,0.99014261720219,5.41720418427782,1.05854347843672
41,M,185.5,85.7784060016926,0.994279032374732,15.0244495448265,3.5147844416859,0.749514731876611,-11.7048144350805,0.994279032374732,5.45457525750774,0.98175110887814
42,F,178,79.4098032781828,0.981886898523767,14.9624918435792,3.18441711300678,0.751333678851119,-11.7620731130336,0.981886898523766,8.42179993567382,1.36363734716054
43,M,179,61.0226744015572,0.994913872041865,8.22356557035516,1.9858948363465,0.742363459151605,-11.8165091717437,0.994913872041865,4.33763333200464,1.05293017699277
44,F,164.5,61.3242775674791,0.961987646877143,18.3720726794106,4.25251335507742,0.745018958157758,-11.588895379984,0.961987646877143,8.55849700318192,1.7126357748804
45,F,163,79.0186186864614,0.993369969413678,12.0549913579598,2.71109094332337,0.740006847593476,-11.7319813179166,0.993369969413678,6.42001200020295,0.920831957513762
46,F,165,64.6102763234205,0.993111022437558,9.87899070761145,2.42746063975638,0.744669724604703,-11.7846607284371,0.993111022437558,2.94162590182354,0.635873143997532
47,F,165.8,61.0617585426448,0.994850950295339,14.0906507194382,3.39487513141425,0.74719878241413,-11.6935753106323,0.994850950295339,3.42913928775058,0.69688305834009
48,M,171.5,68.4202597262979,0.969489375923409,12.3456390222655,2.68788671706086,0.74785273234144,-11.7749738684504,0.969489375923409,5.76119154694417,1.11482776848325
49,M,174.5,80.6332071538085,0.997126973296852,10.6675221815445,2.3463893581381,0.747798759489903,-11.8238489954107,0.997126973296852,6.21204055461349,1.14637010931839
50,M,174.2,96.2990475091724,0.989738281619004,12.2344376565663,2.81139929961276,0.7467174560693,-11.7465241739664,0.989738281619004,3.32633481636542,0.590758111129475
51,F,169.5,65.7334424131134,0.985183928449228,11.5210687012103,2.84026851508012,0.744344696548053,-11.7463718801547,0.985183928449229,3.21156205478342,0.617589549119791
