sub_id,talla_cm,r_v0_crudo,rmse_v0,r_v1_calibLOSO,rmse_v1,r_v2_pipeline_menosXh,rmse_v2,r_v3_full_vs_global,r_v3_full_vs_relhip
100599,159.1,0.954498436906811,3.28567691978712,0.954540206629212,4.23139128908738,0.328052221598267,24.1325535728257,0.421456475741813,0.438067235331783
100571,168.2,0.979752330304761,2.63688880402635,0.979677266713561,4.58711398760469,0.425136709279554,24.9609806707733,0.330874929899104,0.333664857095128
100218,170.7,0.959482776447817,3.92942422126672,0.95898967936762,3.27838435875813,0.387576112595275,28.1420670010627,0.354333599894311,0.365953514259563
100342,172.2,0.969460186342343,3.94664852742945,0.969170030794676,2.48596519297891,0.408984658303097,28.170654916964,0.328168681118116,0.344765036695759
100262,173.4,0.982292618328508,2.34292466231507,0.981980380059135,3.73936671592044,0.444614497341252,26.4909443223753,0.285190745147606,0.30776361133104
100004,175,0.966358763107124,4.19660580069496,0.965746415038518,2.64633492086885,0.39437527482729,28.9264621239662,0.333598912398171,0.356770558967283
100242,175.4,0.977198490867882,2.73591674432752,0.977193216649079,3.63571717740218,0.419365890495822,27.1733290832749,0.336382484401854,0.331441894955796
200336,177,0.958365876601618,3.97104214889553,0.95774488624354,3.53816696529137,0.400487511640722,29.1853386452976,0.291255598451014,0.346041274076269
100212,177.6,0.942232934909304,4.55219549653358,0.942045173621462,3.75543862638929,0.378250021221879,29.0646287856953,0.375330786688973,0.36346047762777
100580,178.2,0.887326165569027,7.56594610996325,0.887245585893243,5.31289682646102,0.255639664514055,32.4901656070863,0.43888637031294,0.468150780508494
101141,179.8,0.972150731741425,3.82842214989893,0.972063410839369,6.12445357148792,0.425410639720398,26.804492116639,0.330974203917678,0.319469087659617
200285,180,0.90083615067789,5.57524404643099,0.901063731542964,5.52150734640603,0.276817113036006,29.5674586755027,0.461324655794586,0.451058537856307
101403,181,0.971829955247147,3.6717752655108,0.97186811788103,5.9286837685802,0.467261068003787,27.0716891301766,0.265353003238287,0.27276531388982
100099,181.5,0.989006730637355,2.33997512304662,0.988744824655246,4.9245807206935,0.500734480970779,27.1840335345215,0.240818833141319,0.237692556662278
100997,182.3,0.954123835156633,5.87642688747002,0.953875004261157,3.36540830269142,0.381029231150206,30.9706297715555,0.349466262781575,0.360892753042412
100793,183.5,0.87378623725053,7.15974394136892,0.87373469679114,5.25010999304507,0.263872107429524,32.1125475793974,0.402933964583181,0.451150134358359
101809,185.4,0.915858756939554,6.5551078869289,0.915256335231624,4.54132180682257,0.379734504106678,32.3941037691148,0.306452297685396,0.345224716685437
100817,186.5,0.936763808603385,8.03633868068266,0.935940295714218,5.13209468251962,0.361587889375649,34.6322004922487,0.355852344251747,0.371022749857787
101500,190,0.938461525058416,5.67660533318407,0.938121147170934,4.0696422234821,0.406847198556712,32.7338785325585,0.273719332951645,0.322383259370775
200295,195,0.816681794445439,8.95312902419925,0.816731501614454,7.03539980737403,0.194265135028832,35.6648410936397,0.444631372712894,0.493307808415166
100511,150,0.981927561874089,1.96293421530878,0.981826143353782,2.78306270381856,0.394300920919659,21.8336686894906,0.38779062584388,0.392534333399484
100682,155.9,0.996079362899987,1.03325161911342,0.996007465854093,3.01823363281563,0.474036375280484,22.4088231612832,0.282595448308728,0.297515543372652
101264,158,0.974700359390206,2.89661681260575,0.974917684054418,4.78516454659379,0.385267616681798,22.7285869176611,0.358300280206236,0.385395483968988
100899,159,0.982926690579636,2.075194997408,0.982473935617938,3.80241035423453,0.418477801457591,23.5826556438816,0.32057319668523,0.353286604433139
100850,161,0.794598624713158,7.39240782192019,0.794346635437591,6.15424139021197,0.0377251585298315,28.5308082576437,0.597681901330663,0.648786381980508
101498,163,0.951388006508626,4.02691686480877,0.95054316433467,3.55578862341983,0.384060789100502,26.5511560265561,0.352317193521039,0.374338472028632
101393,163.5,0.978271553036652,2.51503820529133,0.978134014974556,2.83238719349604,0.40876903566363,25.1599379851416,0.339229937145515,0.356082146555502
101407,164.5,0.977482800966539,2.44988045958518,0.977452155772111,3.2895572438213,0.407974333125265,25.0739133806703,0.333018451375797,0.35560475114449
100254,165,0.971558546393142,3.03676830604866,0.971054976203062,2.75252830404866,0.397833997243984,25.908726585641,0.330985231731496,0.365152459947106
101035,165.5,0.942441087330475,4.25547643642196,0.942297872261285,3.31885942254361,0.312939591880317,26.7903647737662,0.443576140295293,0.442431965531326
100518,167,0.936345930538749,4.14357361524096,0.936172832058353,4.25691363443895,0.317489266453798,26.7974391156331,0.408480299934517,0.434154477304881
100834,168,0.995329531500883,1.30391313787025,0.994994490532251,2.95656680688917,0.565609182112133,24.605918351142,0.103179412209765,0.175965689313151
100532,169,0.922743521998868,4.5835226707193,0.923027707667327,4.43925052627277,0.254446047511654,27.1223563064926,0.486599824986739,0.489835213078627
100727,170,0.945154297592432,3.95827459208719,0.944965077386334,3.9733782034545,0.328097085377641,27.3629106903091,0.423144733996672,0.423851508746909
102002,170,0.929830958852333,4.84940735642427,0.929676969870321,3.78780258066608,0.294623208767115,28.3869611725398,0.386794502923144,0.452494274838022
100732,171.5,0.929567336304299,5.39953421004908,0.929519705757474,3.59184315143043,0.295951823229391,28.7143846412405,0.402376186633604,0.449314385040668
100991,173,0.964818420142715,3.46254421260627,0.965168073070411,5.00930851539835,0.368745416370996,26.2709421663107,0.360709497029512,0.381212403215949
101339,175,0.924573070559177,4.78281978880419,0.924863518242697,5.35737079588894,0.289852847132914,28.4038755378554,0.442554517924077,0.449817265147961
100320,176.7,0.979812867781725,2.6718339741548,0.979637923483079,3.10467119005249,0.410553011168008,28.2489402217378,0.277297659696514,0.338811970251773
100755,187.5,0.88266304593794,7.84199554210283,0.882526552230061,5.39632078865418,0.290503128740356,33.7371116023079,0.421307238702064,0.425396233694311
